clean.json,clean,0
OH-x.json,*OH(Ni),1
x-OH.json,*OH(Ru),1
O-x.json,*O(Ni),0
x-O.json,*O(Ru),0
OH-OH.json,2*OH(cus),2
O-OH.json,*O(Ni)+*OH(Ru),1
OH-O.json,*OH(Ni)+*O(Ru),1
O-O.json,2*O(cus),0
H-x-x.json,2*H(brg),2
H-OH-OH.json,2*H(brg)+2*OH(cus),4
H-O-O.json,2*H(brg)+2*O(cus),2
H2O-H2O.json,2*H$_2$O(cus),4
v-x-x.json,O$_\mathrm{v}$(cus),0
v-OH-x.json,O$_\mathrm{v}$(cus)+*OH(Ni),1
v-x-OH.json,O$_\mathrm{v}$(cus)+*OH(Ru),1
v-O-x.json,O$_\mathrm{v}$(cus)+*O(Ni),0
v-x-O.json,O$_\mathrm{v}$(cus)+*O(Ru),0
v-OH-OH.json,O$_\mathrm{v}$(cus)+2*OH(cus),2
v-O-OH.json,O$_\mathrm{v}$(cus)+*O(Ni)+*OH(Ru),1
v-OH-O.json,O$_\mathrm{v}$(cus)+*OH(Ni)+*O(Ru),1
v-O-O.json,O$_\mathrm{v}$(cus)+2*O(cus),0
v-H-x-x.json,O$_\mathrm{v}$(cus)+2*H(brg),2
v-H-OH-OH.json,O$_\mathrm{v}$(cus)+2*H(brg)+2*OH(cus),4
v-H-O-O.json,O$_\mathrm{v}$(cus)+2*H(brg)+2*O(cus),2
v-H2O-H2O.json,O$_\mathrm{v}$(cus)+2*H$_2$O(cus),4
